NomEntitat; Telefon; CorreuElectronic
ABC S.L.;612345678;info@abc.com
XYZ Consultores;655432189;contacto@xyzconsultores.com
InnovaTech;677890123;info@innovatech.es
Soluciones Empresariales;643210987;contacto@solucionesempresariales.com
TechCorp Iberia;666789012;info@techcorpiberia.es
Grupo Innovador;622345678;info@grupoinnovador.com
EcoSoluciones;655678901;info@ecosoluciones.es
Dynamic Systems;688901234;contacto@dynamic.es
Smart Solutions;677012345;info@smartsolutions.es
Soluciones Integradas;666123456;info@solin.com
InnovaSoft;644567890;contacto@innovasoft.es
Nuevas Ideas Empresariales;633201234;info@nuevasideas.com
Grupo Empresarial Avanzado;677890123;contacto@grupoavanzado.com
Tech Innovations;655123456;info@techinnovations.es
Consultor√≠a Avanzada;622345678;info@consultoriaavanzada.com
Soluciones Empresariales Globales;688901234;info@seg.com
Sistemas Inteligentes;666123456;contacto@sistemasinteligentes.es
InnovaNegocios;677012345;info@innovanegocios.com
DataTech Solutions;644567890;info@datatechsolutions.es
Global Business Services;633201234;contacto@globalbusiness.com
